{
    "args": {
        "alpha": 0.99,
        "batch_size": 32,
        "cpu": true,
        "disable_checkpoint": false,
        "epsilon": 1e-05,
        "exp_epsilon": 0.01,
        "gpu_devices": "0",
        "learning_rate": 0.0001,
        "load_model": true,
        "max_grad_norm": 40.0,
        "momentum": 0,
        "num_actor_devices": 1,
        "num_actors": 2,
        "num_buffers": 50,
        "num_threads": 4,
        "objective": "adp",
        "save_interval": 30,
        "savedir": "douzero_checkpoints",
        "total_frames": 100000000000,
        "training_device": 0,
        "unroll_length": 100,
        "xpid": "douzero"
    },
    "date_end": null,
    "date_start": "2021-08-04 18:20:48.464914",
    "env": {
        "ALLUSERSPROFILE": "C:\\ProgramData",
        "APPDATA": "C:\\Users\\q9294\\AppData\\Roaming",
        "ASL.LOG": "Destination=file",
        "BESIEGE_GAME_ASSEMBLIES": "D:/SteamLibrary/steamapps/common/Besiege/Besiege_Data\\Managed/",
        "BESIEGE_UNITY_ASSEMBLIES": "D:/SteamLibrary/steamapps/common/Besiege/Besiege_Data\\Managed/",
        "COMMONPROGRAMFILES": "C:\\Program Files\\Common Files",
        "COMMONPROGRAMFILES(X86)": "C:\\Program Files (x86)\\Common Files",
        "COMMONPROGRAMW6432": "C:\\Program Files\\Common Files",
        "COMPUTERNAME": "DESKTOP-D6GM2FE",
        "COMSPEC": "C:\\WINDOWS\\system32\\cmd.exe",
        "CONDA_DEFAULT_ENV": "base",
        "CONDA_PREFIX": "E:\\Software\\miniconda3",
        "CONDA_PROMPT_MODIFIER": "(base) ",
        "CONDA_SHLVL": "1",
        "CUDA_PATH": "C:\\Program Files\\NVIDIA GPU Computing Toolkit\\CUDA\\v10.1",
        "CUDA_PATH_V10_1": "C:\\Program Files\\NVIDIA GPU Computing Toolkit\\CUDA\\v10.1",
        "CUDA_VISIBLE_DEVICES": "0",
        "DRIVERDATA": "C:\\Windows\\System32\\Drivers\\DriverData",
        "FR_CUSTOMDATA_PATH": "D:\\SteamLibrary\\steamapps\\common\\FaceRig\\Mod\\VP\\PC_CustomData\\",
        "HOMEDRIVE": "C:",
        "HOMEPATH": "\\Users\\q9294",
        "IDEA_INITIAL_DIRECTORY": "E:\\Software\\PyCharm Community Edition 2020.3.2\\bin",
        "INTEL_DEV_REDIST": "C:\\Program Files (x86)\\Common Files\\Intel\\Shared Libraries\\",
        "KMP_DUPLICATE_LIB_OK": "TRUE",
        "LOCALAPPDATA": "C:\\Users\\q9294\\AppData\\Local",
        "LOGONSERVER": "\\\\DESKTOP-D6GM2FE",
        "MIC_LD_LIBRARY_PATH": "C:\\Program Files (x86)\\Common Files\\Intel\\Shared Libraries\\compiler\\lib\\mic",
        "MKL_SERIAL": "YES",
        "NUMBER_OF_PROCESSORS": "12",
        "NVCUDASAMPLES10_0_ROOT": "C:\\ProgramData\\NVIDIA Corporation\\CUDA Samples\\v10.0",
        "NVCUDASAMPLES10_1_ROOT": "C:\\ProgramData\\NVIDIA Corporation\\CUDA Samples\\v10.1",
        "NVCUDASAMPLES_ROOT": "C:\\ProgramData\\NVIDIA Corporation\\CUDA Samples\\v10.1",
        "NVTOOLSEXT_PATH": "C:\\Program Files\\NVIDIA Corporation\\NvToolsExt\\",
        "ONEDRIVE": "C:\\Users\\q9294\\OneDrive",
        "ONEDRIVECONSUMER": "C:\\Users\\q9294\\OneDrive",
        "OS": "Windows_NT",
        "PATH": "E:\\Software\\miniconda3;E:\\Software\\miniconda3\\Library\\mingw-w64\\bin;E:\\Software\\miniconda3\\Library\\usr\\bin;E:\\Software\\miniconda3\\Library\\bin;E:\\Software\\miniconda3\\Scripts;E:\\Software\\miniconda3\\bin;E:\\Software\\miniconda3\\condabin;C:\\Program Files (x86)\\Razer Chroma SDK\\bin;C:\\Program Files\\Razer Chroma SDK\\bin;C:\\Program Files (x86)\\Razer\\ChromaBroadcast\\bin;C:\\Program Files\\Razer\\ChromaBroadcast\\bin;C:\\Program Files\\NVIDIA GPU Computing Toolkit\\CUDA\\v10.1\\bin;C:\\Program Files\\NVIDIA GPU Computing Toolkit\\CUDA\\v10.1\\libnvvp;C:\\Program Files (x86)\\Common Files\\Intel\\Shared Libraries\\redist\\intel64\\compiler;C:\\Program Files\\NVIDIA GPU Computing Toolkit\\CUDA\\v10.0\\bin;C:\\Program Files\\NVIDIA GPU Computing Toolkit\\CUDA\\v10.0\\libnvvp;C:\\Program Files (x86)\\NetSarang\\Xshell 6;C:\\Program Files (x86)\\NetSarang\\Xftp 6;C:\\Program Files (x86)\\Common Files\\Oracle\\Java\\javapath;C:\\Windows\\system32;C:\\Windows;C:\\Windows\\System32\\Wbem;C:\\Windows\\System32\\WindowsPowerShell\\v1.0;C:\\Windows\\System32\\OpenSSH;C:\\Program Files\\NVIDIA Corporation\\NVIDIA NvDLISR;C:\\Program Files\\dotnet;C:\\Program Files\\Microsoft SQL Server\\130\\Tools\\Binn;C:\\Program Files\\Microsoft SQL Server\\Client SDK\\ODBC\\170\\Tools\\Binn;C:\\Program Files\\nodejs;C:\\Program Files (x86)\\Yarn\\bin;C:\\Program Files\\Microsoft SQL Server\\Client SDK\\ODBC\\110\\Tools\\Binn;C:\\Program Files (x86)\\Microsoft SQL Server\\120\\Tools\\Binn;C:\\Program Files\\Microsoft SQL Server\\120\\Tools\\Binn;C:\\Program Files\\Microsoft SQL Server\\120\\DTS\\Binn;C:\\Program Files (x86)\\Windows Kits\\8.1\\Windows Performance Toolkit;C:\\WINDOWS\\system32;C:\\WINDOWS;C:\\WINDOWS\\System32\\Wbem;C:\\WINDOWS\\System32\\WindowsPowerShell\\v1.0;C:\\WINDOWS\\System32\\OpenSSH;C:\\Program Files\\NVIDIA Corporation\\Nsight Compute 2019.4.0;D:\\Software\\Git\\cmd;D:\\Software\\mingw64\\bin;C:\\WINDOWS\\system32;C:\\WINDOWS;C:\\WINDOWS\\System32\\Wbem;C:\\WINDOWS\\System32\\WindowsPowerShell\\v1.0;C:\\WINDOWS\\System32\\OpenSSH;C:\\WINDOWS\\system32\\config\\systemprofile\\AppData\\Local\\Microsoft\\WindowsApps;C:\\Program Files\\WireGuard;E:\\Software\\miniconda3;E:\\Software\\miniconda3\\Library\\mingw-w64\\bin;E:\\Software\\miniconda3\\Library\\usr\\bin;E:\\Software\\miniconda3\\Library\\bin;E:\\Software\\miniconda3\\Scripts;C:\\Users\\q9294\\AppData\\Local\\Microsoft\\WindowsApps;C:\\Users\\q9294\\AppData\\Local\\Programs\\Microsoft VS Code\\bin;C:\\Users\\q9294\\AppData\\Local\\Programs\\Fiddler;C:\\Users\\q9294\\AppData\\Roaming\\npm;C:\\Users\\q9294\\AppData\\Local\\GitHubDesktop\\bin;C:\\Users\\q9294\\AppData\\Local\\Yarn\\bin;C:\\Users\\q9294\\AppData\\Local\\Microsoft\\WindowsApps;C:\\Program Files\\NVIDIA GPU Computing Toolkit\\CUDA\\v10.1;C:\\Program Files\\NVIDIA GPU Computing Toolkit\\CUDA\\v10.1\\bin;C:\\Program Files\\Bandizip;D:\\Software\\mitmproxy\\bin;C:\\Users\\q9294\\.dotnet\\tools;.",
        "PATHEXT": ".COM;.EXE;.BAT;.CMD;.VBS;.VBE;.JS;.JSE;.WSF;.WSH;.MSC",
        "PROCESSOR_ARCHITECTURE": "AMD64",
        "PROCESSOR_IDENTIFIER": "Intel64 Family 6 Model 158 Stepping 10, GenuineIntel",
        "PROCESSOR_LEVEL": "6",
        "PROCESSOR_REVISION": "9e0a",
        "PROGRAMDATA": "C:\\ProgramData",
        "PROGRAMFILES": "C:\\Program Files",
        "PROGRAMFILES(X86)": "C:\\Program Files (x86)",
        "PROGRAMW6432": "C:\\Program Files",
        "PROMPT": "(base) $P$G",
        "PSMODULEPATH": "C:\\Program Files\\WindowsPowerShell\\Modules;C:\\WINDOWS\\system32\\WindowsPowerShell\\v1.0\\Modules;C:\\Program Files (x86)\\Microsoft SQL Server\\120\\Tools\\PowerShell\\Modules\\",
        "PUBLIC": "C:\\Users\\Public",
        "PYCHARM_HOSTED": "1",
        "PYTHONIOENCODING": "UTF-8",
        "PYTHONPATH": "C:\\Users\\q9294\\PycharmProjects\\DouZero\\DouZero",
        "PYTHONUNBUFFERED": "1",
        "QUARTUS_ROOTDIR": "E:\\Software\\QuartusII\\quartus",
        "SESSIONNAME": "Console",
        "SOPC_KIT_NIOS2": "E:\\Software\\QuartusII\\nios2eds",
        "SYSTEMDRIVE": "C:",
        "SYSTEMROOT": "C:\\WINDOWS",
        "TEMP": "C:\\Users\\q9294\\AppData\\Local\\Temp",
        "TMP": "C:\\Users\\q9294\\AppData\\Local\\Temp",
        "USERDOMAIN": "DESKTOP-D6GM2FE",
        "USERDOMAIN_ROAMINGPROFILE": "DESKTOP-D6GM2FE",
        "USERNAME": "q9294",
        "USERPROFILE": "C:\\Users\\q9294",
        "WINDIR": "C:\\WINDOWS",
        "ZES_ENABLE_SYSMAN": "1"
    },
    "git": {
        "branch": "main",
        "commit": "32edc81465e0b6f4088259577f4d3a88c9f09c08",
        "is_dirty": true,
        "path": "C:\\Users\\q9294\\PycharmProjects\\DouZero\\DouZero\\.git"
    },
    "slurm": null,
    "successful": false,
    "xpid": "douzero"
}